Campaign,Ad Group,Keyword,Match type
CL_Search_FelipeServicios,Apps Moviles,desarrollo de aplicaciones moviles chile,Phrase
CL_Search_FelipeServicios,Apps Moviles,crear app movil ios android,Phrase
CL_Search_FelipeServicios,Apps Moviles,desarrollador react native chile,Phrase
CL_Search_FelipeServicios,Apps Moviles,programador de aplicaciones moviles,Phrase
CL_Search_FelipeServicios,Apps Moviles,desarrollador de apps freelance,Phrase
CL_Search_FelipeServicios,Apps Moviles,desarrollo app react native,Exact
CL_Search_FelipeServicios,Desarrollo Web,desarrollador nextjs chile,Phrase
CL_Search_FelipeServicios,Desarrollo Web,desarrollo web a medida,Phrase
CL_Search_FelipeServicios,Desarrollo Web,crear e commerce a medida,Phrase
CL_Search_FelipeServicios,Desarrollo Web,desarrollo catalogo digital,Phrase
CL_Search_FelipeServicios,Desarrollo Web,programador web freelance chile,Phrase
CL_Search_FelipeServicios,Desarrollo Web,desarrollo web nextjs,Exact
